﻿{
  "allure": {
    "directory": "..\\..\\..\\allureResults",
    "links": [
      "https://bupaukmudynamics.visualstudio.com/Dynamics%20CRM/_workitems/edit/{workItemId}"
    ]
  },
  "specflow": {
    "stepArguments": {
      "convertToParameters": "true",
      "paramNameRegex": "",
      "paramValueRegex": ""
    },
    "grouping": {
      "suites": {
        "parentSuite": "^CRM_?(.+)",
        "suite": "^Story:?(.+)",
        "subSuite": "^TC:?(.+)"
      },
      "behaviors": {
        "epic": "^epic:?(.+)",
        "story": "^story:?(.+)"
      },
      "packages": {
        "package": "^package:?(.+)",
        "testClass": "^class:?(.+)",
        "testMethod": "^method:?(.+)"
      }
    },
    "labels": {
      "owner": "^Owner_?(.+)",
      "severity": "^(normal|blocker|critical|minor|trivial)"
    },
    "links": {
      "issue": "^issue:(\\d+)",
      "tms": "^tms:(\\d+)"
    }
  }
}
