{
  "appium": {
    "platform": "Browserstack",
    "projectName": "MobileApp",
    "privateMode": false,
    "defaultTimeout": 60,
    "headless": false,
    "traceDir": "traces",
    "runOnBrowserstack": true,
    "userKey": "tobiaszzaleski_U7btvK",
    "accessToken": "p6NdTZyCjh5pVTvxivwq",
    "local": true,
    "build": "AutothonRun",
    "device": "iPhone 14",
    "os": "ios",
    "osversion": "16",
    "bsBrowser": "safari",
    "browserVersion": "latest",
    "appPath": "C:\\Users\\ssaste\\source\\repos\\OneAutomationFramework\\OneAutomationFramework\\Drivers\\Appium\\BStackSampleApp.ipa"
  }
}
