{
  "selenium": {
    "browser": "Browserstack",
    "arguments": [
      "--start-maximized",
      "--disable-features",
      "--disable-popup-blocking",
      "--disable-settings-window",
      "--disable-impl-side-painting",
      "--enable-javascript",
      "--start-maximized",
      "--no-sandbox",
      "--disable-gpu",
      "--dump-dom",
      "test-type=browser",
      "disable-infobars",
      "test-type",
      "--enable-automation",
      "--disable-dev-shm-usage"
    ],
    "projectName": "BBYAutomation",
    "privateMode": false,
    "defaultTimeout": 60,
    "headless": false,
    "traceDir": "traces",
    "runOnBrowserstack": true,
    "userKey": "sivasikkan_RCYJK8",
    "accessToken": "QaRYmqKNfUv46jcjgXv6",
    "local": true,
    "build": "AutothonRun",
    "device": null,
    "os": "windows",
    "osversion": "10",
    "bsBrowser": "chrome",
    "browserVersion": "latest",
    "SeleniumVersion": "4.8",
    "Env": "OAT",
    "EnvUrl": ""
  }
}
